{
  "studentsData": [
    {
      "id": 7464,
      "name": "Prasanna",
      "age": 10,
      "gender": "Female",
      "mobile": 7863784856
    },
    {
      "id": 78998,
      "name": "Anusha",
      "age": 40,
      "gender": "Male",
      "mobile": 7800784856
    },
    {
      "id": 576589,
      "name": "Kiran",
      "age": 20,
      "gender": "male",
      "mobile": 8863784856
    },
    {
      "id": 3301,
      "name": "Amber",
      "age": 30,
      "gender": "Male",
      "mobile": 7800000856
    },
    {
      "id": 123,
      "name": "Amber",
      "age": 12,
      "gender": "Male",
      "phone": 9515766055
    },
    {
      "id": 12,
      "name": "Amber",
      "age": 12,
      "gender": "Male",
      "phone": 9515766055
    },
    {
      "id": 42,
      "name": "fghfgh",
      "age": 15,
      "gender": "Male",
      "phone": 7894561230
    },
    {
      "id": 45,
      "name": "Amber",
      "age": 78,
      "gender": "Male",
      "phone": 7418529630
    },
    {
      "id": 100,
      "name": "sdfsfsdfsd",
      "age": 54,
      "gender": "Male",
      "phone": 9874563210
    },
    {
      "id": 1324,
      "name": "Prakash",
      "age": 123,
      "gender": "Male",
      "phone": 9515767225
    }
  ]
}