{
    "Products" :[
    {
        "id" : 1,
        "name" : "Samsung",
        "price" : "200000",
        "category" : "mobile"
    },
    {
        "id" : 2,
        "name" : "Redmi",
        "price" : "100000",
        "category" : "mobile"
    },
    {
        "id" : 3,
        "name" : "Samsung",
        "price" : "500000",
        "category" : "laptop"
    },
    {
        "id" : 4,
        "name" : "Apple",
        "price" : "700000",
        "category" : "laptop"
    }
]
}